-- Adminer 4.8.1 MySQL 5.5.5-10.6.12-MariaDB-0ubuntu0.22.04.1 dump

SET NAMES utf8;
SET time_zone = '+00:00';
SET foreign_key_checks = 0;
SET sql_mode = 'NO_AUTO_VALUE_ON_ZERO';

SET NAMES utf8mb4;

DROP TABLE IF EXISTS `achievements`;
CREATE TABLE `achievements` (
                                `id` int(11) NOT NULL AUTO_INCREMENT,
                                `name` varchar(255) NOT NULL,
                                `description` varchar(1000) NOT NULL,
                                `badge` varchar(1000) NOT NULL,
                                PRIMARY KEY (`id`)
) ENGINE=InnoDB DEFAULT CHARSET=utf8mb4 COLLATE=utf8mb4_general_ci;

INSERT INTO `achievements` (`id`, `name`, `description`, `badge`) VALUES
                                                                      (1,	'FitProfile ',	'FitProfile - Profile completely filled out.',	'/img/badges/FitProfile.png'),
                                                                      (2,	'FitConnected',	'FitConnected - First friend made.',	'/img/badges/FitConnected.png'),
                                                                      (3,	'FitWork Novice',	'FitWork Novice - First workout logged.',	'/img/badges/FitWorkNovice.png'),
                                                                      (4,	'FitWork Apprentice',	'FitWork Apprentice - Ten workouts logged.',	'/img/badges/FitWorkApprentice.png'),
                                                                      (5,	'FitWork Journeyman',	'FitWork Journeyman - Twenty-five workouts logged.',	'/img/badges/FitWorkJourneyman.png'),
                                                                      (6,	'FitWork Pro',	'FitWork Pro - Fifty workouts logged.',	'/img/badges/FitWorkPro.png');

DROP TABLE IF EXISTS `friends`;
CREATE TABLE `friends` (
                           `id` int(11) NOT NULL AUTO_INCREMENT,
                           `user_id` int(11) NOT NULL,
                           `friend_id` int(11) NOT NULL,
                           `status` enum('sent','pending','accepted','rejected') NOT NULL,
                           PRIMARY KEY (`id`),
                           UNIQUE KEY `user_id_friend_id` (`user_id`,`friend_id`),
                           KEY `user_id` (`user_id`),
                           KEY `FKc42eihjtiryeriy8axlkpejo7` (`friend_id`),
                           CONSTRAINT `FKc42eihjtiryeriy8axlkpejo7` FOREIGN KEY (`friend_id`) REFERENCES `users` (`id`),
                           CONSTRAINT `FKlh21lfp7th1y1tn9g63ihkda9` FOREIGN KEY (`user_id`) REFERENCES `users` (`id`),
                           CONSTRAINT `friends_ibfk_1` FOREIGN KEY (`user_id`) REFERENCES `users` (`id`),
                           CONSTRAINT `friends_ibfk_2` FOREIGN KEY (`friend_id`) REFERENCES `users` (`id`)
) ENGINE=InnoDB DEFAULT CHARSET=utf8mb4 COLLATE=utf8mb4_general_ci;

INSERT INTO `friends` (`id`, `user_id`, `friend_id`, `status`) VALUES
                                                                   (83,	22,	32,	'accepted'),
                                                                   (84,	32,	22,	'accepted'),
                                                                   (85,	78,	22,	'sent'),
                                                                   (86,	22,	78,	'pending'),
                                                                   (87,	22,	77,	'sent'),
                                                                   (88,	77,	22,	'pending'),
                                                                   (89,	89,	89,	'accepted'),
                                                                   (91,	22,	89,	'sent'),
                                                                   (92,	89,	22,	'pending'),
                                                                   (93,	22,	71,	'sent'),
                                                                   (94,	71,	22,	'pending');

DROP TABLE IF EXISTS `gyms`;
CREATE TABLE `gyms` (
                        `id` int(11) NOT NULL AUTO_INCREMENT,
                        `name` varchar(255) NOT NULL,
                        `address` varchar(255) NOT NULL,
                        PRIMARY KEY (`id`),
                        UNIQUE KEY `name_address` (`name`,`address`)
) ENGINE=InnoDB DEFAULT CHARSET=utf8mb4 COLLATE=utf8mb4_general_ci;

INSERT INTO `gyms` (`id`, `name`, `address`) VALUES
                                                 (147,	'Anytime Fitness',	'4200 McCullough Ave, San Antonio'),
                                                 (127,	'Anytime Fitness',	'5138 UTSA Boulevard Suite 109, San Antonio'),
                                                 (135,	'Anytime Fitness',	'8202 N Loop 1604 E, San Antonio'),
                                                 (99,	'Armadillo Boulders',	'1119 Camden St, San Antonio'),
                                                 (125,	'Ballistic Built CrossFit',	'13807 Red Maple Wood '),
                                                 (138,	'Beast Gym',	'14397 Blanco Rd Suite 101, San Antonio'),
                                                 (108,	'Bexar Barbell',	'4515B San Pedro Ave, San Antonio'),
                                                 (130,	'BOXR STATION',	'514 El Paso St Suite A, San Antonio'),
                                                 (140,	'Brentwood Family YMCA',	'8207 Concord Rd, Brentwood'),
                                                 (120,	'Burn It In 30',	'15814 University Oak '),
                                                 (142,	'Chapman Fitness Center',	'115 Medina Base Rd Building 199, San Antonio'),
                                                 (143,	'Club Pilates',	'14244 Potranco Rd, San Antonio'),
                                                 (121,	'Cornerstone CCS Gym',	'17702 NW Military Hwy, San Antonio'),
                                                 (104,	'CrossFit Copper Fox',	'2283 FM359, Brookshire'),
                                                 (105,	'CrossFit Lobo - De Zavala',	'12710 Mayhill Dr, San Antonio'),
                                                 (92,	'CrossFit Nolensville',	'7408 Tennessee Excavating Dr, Nolensville'),
                                                 (103,	'CrossFit Unchained',	'621 Chestnut St, San Antonio'),
                                                 (111,	'Crunch Fitness - San Antonio Woodlake',	'7014 Farm-To-Market Rd 78, San Antonio'),
                                                 (101,	'D.R. Semmes Family YMCA at TriPoint',	'3233 N St Mary\'s St, San Antonio'),
(124,	'F45 Training Medical Center SATX',	'10103 Huebner Rd, San Antonio'),
(114,	'Gold\'s Gym San Antonio 78 Walzem',	'7650 Farm-To-Market Rd 78, San Antonio'),
                                                 (119,	'Gold\'s Gym San Antonio Fiesta Trails',	'12481 I-10, San Antonio'),
(137,	'Horsepower Boxing ',	'6220 Binz Engleman Rd '),
(148,	'Horsepower Boxing ',	'6220 Binz Engleman Rd #106, San Antonio'),
(145,	'HOTWORX- San Antonio, TX (I10 ',	'12611 I10 West, #101, San Antonio'),
(117,	'Jimmy Brought Fitness Center',	'320 Wilson Way, San Antonio'),
(131,	'Joe\'s Gym',	'3700 Fredericksburg Rd APT 111, San Antonio'),
                                                  (81,	'K Squared Fitness',	'1234, Franklin'),
                                                  (156,	'LA Fitness',	'5601 Bandera Rd, Leon Valley'),
                                                  (109,	'Lone Star CrossFit',	'12046 Potranco Rd, San Antonio'),
                                                  (116,	'LoneStar Lifting',	'6563 Babcock Rd '),
                                                  (110,	'MADabolic La Cantera Heights',	'10772 Fiesta Texas Dr Building 400, Suite 101, San Antonio'),
                                                  (139,	'MIX FIT SA',	'2655 Flight Nurse, San Antonio'),
                                                  (106,	'Move Fit Live',	'5999 De Zavala Rd '),
                                                  (150,	'Move Fit Live',	'5999 De Zavala Rd #130, San Antonio'),
                                                  (134,	'Northside Sports Gym',	'8400 N Loop 1604 W, San Antonio'),
                                                  (132,	'Orangetheory Fitness',	'11600 Bandera Rd, San Antonio'),
                                                  (122,	'Orangetheory Fitness',	'12055 Vance Jackson Rd, San Antonio'),
                                                  (128,	'Orangetheory Fitness',	'15900 La Cantera Pkwy Suite 26160, San Antonio'),
                                                  (151,	'Orangetheory Fitness',	'427 N Loop 1604 W #106, San Antonio'),
                                                  (102,	'Oso CrossFit',	'701 N Alamo St, San Antonio'),
                                                  (153,	'Planet Fitness',	'14610 Huebner Rd Ste 110, San Antonio'),
                                                  (155,	'Planet Fitness',	'207 N General McMullen Dr, San Antonio'),
                                                  (115,	'Planet Fitness',	'8338 Farm-To-Market Rd 78, Converse'),
                                                  (152,	'Powermaster Fitness',	'15747 San Pedro Ave, Hill Country Village'),
                                                  (112,	'Rambler Fitness Center',	'1751 First St E Bldg 999, JBSA Randolph'),
                                                  (141,	'RDA Fitness ',	'13762 Potranco Rd Ste 101, San Antonio'),
                                                  (129,	'Recreation Wellness Center',	'Recreation Wellness Center, 6900 N Loop 1604 W, San Antonio'),
                                                  (149,	'Rise Above Hardship',	'1207 San Francisco, San Antonio'),
                                                  (100,	'San Antonio College Gym',	'28 W Park Ave, San Antonio'),
                                                  (113,	'Snap Fitness Cibolo',	'113 Rodeo Way '),
                                                  (154,	'Starting Strength San Antonio',	'19739 IH-10 West, Suite 104, San Antonio'),
                                                  (136,	'Texas Muscle ',	'9160 Farm-To-Market Rd 78, Converse'),
                                                  (123,	'The Union Fitness ',	'11255 Huebner Rd '),
                                                  (2,	'Tigs Guns and Buns',	'1209 Cherry Valley Rd, San Antonio, TX, 78249'),
                                                  (144,	'Ultra Fitness',	'5999 De Zavala Rd #130, San Antonio'),
                                                  (118,	'War Dog CrossFit',	'6563 Babcock Rd, San Antonio'),
                                                  (146,	'William H. Bell Athletic Center',	'1 S Campus Dr, San Antonio'),
                                                  (97,	'Xtend Fitness- Personal Training',	'112 E Pecan St Suite 340, San Antonio'),
                                                  (133,	'Your Fitness 365 A 24 Hour Gym',	'9703 Bandera Rd Suite 101, San Antonio');

DROP TABLE IF EXISTS `gym_location`;
CREATE TABLE `gym_location` (
                                `id` bigint(20) NOT NULL AUTO_INCREMENT,
                                `address` varchar(255) DEFAULT NULL,
                                `name` varchar(255) DEFAULT NULL,
                                PRIMARY KEY (`id`)
) ENGINE=InnoDB DEFAULT CHARSET=utf8mb4 COLLATE=utf8mb4_general_ci;


DROP TABLE IF EXISTS `preferences`;
CREATE TABLE `preferences` (
                               `id` int(11) NOT NULL AUTO_INCREMENT,
                               `name` varchar(255) NOT NULL,
                               `type` enum('STYLES','GOALS') NOT NULL,
                               PRIMARY KEY (`id`),
                               UNIQUE KEY `name_type` (`name`,`type`)
) ENGINE=InnoDB DEFAULT CHARSET=utf8mb4 COLLATE=utf8mb4_general_ci;

INSERT INTO `preferences` (`id`, `name`, `type`) VALUES
                                                     (10,	'Agility',	'STYLES'),
                                                     (7,	'Balance',	'STYLES'),
                                                     (9,	'Cardio',	'STYLES'),
                                                     (5,	'Endurance',	'STYLES'),
                                                     (8,	'Flexibility',	'STYLES'),
                                                     (4,	'Health',	'GOALS'),
                                                     (2,	'Maintenance',	'GOALS'),
                                                     (3,	'Muscle building',	'GOALS'),
                                                     (11,	'Sport Specific',	'STYLES'),
                                                     (6,	'Strength',	'STYLES'),
                                                     (1,	'Weight loss',	'GOALS');

DROP TABLE IF EXISTS `users`;
CREATE TABLE `users` (
                         `id` int(11) NOT NULL AUTO_INCREMENT,
                         `name` varchar(255) DEFAULT NULL,
                         `username` varchar(255) NOT NULL,
                         `email` varchar(255) NOT NULL,
                         `password` varchar(255) NOT NULL,
                         `photo` varchar(255) DEFAULT NULL,
                         `zipcode` int(11) NOT NULL,
                         `gender` varchar(10) DEFAULT NULL,
                         `bio` longtext DEFAULT NULL,
                         `gym_id` int(11) DEFAULT NULL,
                         `level` varchar(255) DEFAULT NULL,
                         `reset_password_token` varchar(255) DEFAULT NULL,
                         PRIMARY KEY (`id`),
                         UNIQUE KEY `unique_username` (`username`),
                         UNIQUE KEY `unique_email` (`email`),
                         UNIQUE KEY `UK_6dotkott2kjsp8vw4d0m25fb7` (`email`),
                         UNIQUE KEY `UK_r43af9ap4edm43mmtq01oddj6` (`username`),
                         KEY `FK61re4b3t50tt71ru6l5mld7c2` (`gym_id`),
                         CONSTRAINT `FK61re4b3t50tt71ru6l5mld7c2` FOREIGN KEY (`gym_id`) REFERENCES `gyms` (`id`),
                         CONSTRAINT `users_ibfk_2` FOREIGN KEY (`gym_id`) REFERENCES `gyms` (`id`)
) ENGINE=InnoDB DEFAULT CHARSET=utf8mb4 COLLATE=utf8mb4_general_ci;

INSERT INTO `users` (`id`, `name`, `username`, `email`, `password`, `photo`, `zipcode`, `gender`, `bio`, `gym_id`, `level`, `reset_password_token`) VALUES
                                                                                                                                                        (22,	'Tiggy',	'Tigg',	'tigthabiggg@gmail.com',	'$2a$10$mc0lFoxpFZZeUtD36WS/K.UCkurHVFmlFix0fOC7NXIzAYjf8ZhoC',	'https://cdn.filestackcontent.com/1OKClFXkSleR5xy3SAK6',	78249,	'FEMALE',	'Coolest cat evaaaCat mojo sleep all day whilst slave is at work, play all night whilst slave is sleeping and i will be pet i will be pet and then i will hiss, yet pee in the shoe ',	156,	'EXPERT',	NULL),
                                                                                                                                                        (32,	'isaac',	'isaac2',	'isaac53101@hotmail.com',	'$2a$10$uMg6YnNy9xzws0wEuepZmeYNUZtexsHqMsH5Rg7cdZe0HPG3R/0a6',	'https://cdn.filestackcontent.com/NFVfwoXRwezYggkd4Jhi',	78245,	'MALE',	'copy',	142,	'EXPERT',	NULL),
                                                                                                                                                        (71,	'julius',	'julius',	'julius@gmail.com',	'$2a$10$K8TNyBcLHGhDJ0Q6OxaF..HHY/p615RPj738kCh3GCkPlKjbJJWoW',	'https://cdn.filestackcontent.com/Ba9fmkWgQw2Voe689B4v',	78249,	'MALE',	'',	144,	'EXPERT',	NULL),
                                                                                                                                                        (72,	'ronald',	'ronald',	'ronald@gmail.com',	'$2a$10$sJ/gO3uw1x1zj6ciWniZOuU/hR6WMqE.F2zMXwt6pEDAa9STHd24a',	'https://cdn.filestackcontent.com/YYEyVQlUSA6Ef90apXQt',	78249,	'MALE',	'',	105,	'INTERMEDIATE',	NULL),
                                                                                                                                                        (73,	'Arnold',	'arnold',	'arnold@gmail.com',	'$2a$10$GPoMYE9E0lBFn3dSXoQN2u6CkAI113Zh0IhcStZ7zHqRQkanNzdgS',	'https://cdn.filestackcontent.com/VH0ANtbXS4KVVrNpRRzT',	78249,	'MALE',	'',	145,	'ADVANCED',	NULL),
                                                                                                                                                        (74,	'julia',	'julia',	'julia@gmail.com',	'$2a$10$G51dM25arp6X04wR6jFE1OA9Y61kkC6A.ziM.oA.4HmLOBqpx2AY2',	'https://cdn.filestackcontent.com/NImoPAGnTjuRQE91L8Xv',	78249,	'FEMALE',	'',	144,	'BEGINNER',	NULL),
                                                                                                                                                        (75,	'felix',	'felix',	'felix@gmail.com',	'$2a$10$zGHSwQyQ3VujWMUUGCsFV.G3XPTiWJRS..WnZJpKOFvs6rhLEvnIa',	'https://cdn.filestackcontent.com/2CgRoxLqSz6caRI0sHCS',	78249,	'MALE',	'',	145,	'INTERMEDIATE',	NULL),
                                                                                                                                                        (76,	'rachel',	'rachel',	'rachel@gmail.com',	'$2a$10$N0..f.QPNeHhWnPulpnUC.SUhvA8mQhw4w6yrdOfY5FyL.uI1JLKu',	'https://cdn.filestackcontent.com/18uarPr7QVKE7b0G29YU',	78249,	'FEMALE',	'',	119,	'ADVANCED',	NULL),
                                                                                                                                                        (77,	'alex',	'alex',	'alex@gmail.com',	'$2a$10$zMoWJ0ewcZYjORqmcmoUSeWqU7kswNR1b1ku7jbnpH5hdvY.KUjB.',	'https://cdn.filestackcontent.com/DPR2j8VaQmOsqUnM2Phg',	78249,	'MALE',	'',	127,	'BEGINNER',	NULL),
                                                                                                                                                        (78,	'ruben',	'ruben',	'ruben@gmail.com',	'$2a$10$8wLkk3o/lCPGsL2EhKy6S.ZuPXNMQwQ/gFNbkEmv16xIfjwIp/UJi',	'https://cdn.filestackcontent.com/5mRVjNARHumFZtxvJFpg',	78249,	'MALE',	'',	144,	'ADVANCED',	NULL),
                                                                                                                                                        (79,	'fernanda',	'fernanda',	'fernanda@gmail.com',	'$2a$10$ISAh6rxW/MBxDflzEQBqJevP1pHcI3piGu2vpT8fS5v3xSoaxi70C',	'https://cdn.filestackcontent.com/cFsoctdMQ1adGMu6etji',	78249,	'FEMALE',	'',	105,	'INTERMEDIATE',	NULL),
                                                                                                                                                        (80,	'cynthia',	'cynthia',	'cynthia@gmail.com',	'$2a$10$rrEM9902KJaBDHP.e7EDbOyFsW4etmWKW59BeP8.EKC3hT9QsAjOq',	'https://cdn.filestackcontent.com/SthlXi0FT11ozrSOtMgp',	78249,	'FEMALE',	'',	145,	'EXPERT',	NULL),
                                                                                                                                                        (81,	'roland',	'roland',	'roland@gmail.com',	'$2a$10$qa4rMrn2DlXJ82IVdljZy.Ja1pyNJU2iPqA5hC6iq0jhcu6rydrzW',	'https://cdn.filestackcontent.com/XYvtVNrATfSVx6yZGq29',	78245,	'MALE',	'',	143,	'ADVANCED',	NULL),
                                                                                                                                                        (82,	'holland',	'holland',	'holland@gmail.com',	'$2a$10$4ex87YhmhWUEkts/ZVJxHucn2wsE7n4.JSvbGaaOzlJu.fXueuv9K',	'https://cdn.filestackcontent.com/ofk2AxAwRLWh6YbHzkSJ',	78249,	'FEMALE',	'',	144,	'INTERMEDIATE',	NULL),
                                                                                                                                                        (83,	'grayson',	'grayson',	'grayson@gmail.com',	'$2a$10$dAD32XWDrZtPdm5O1HWdnePyBHaz1UCopk8oO5hJUClwqSbJzyhym',	'https://cdn.filestackcontent.com/huTtu6HRIyV0jC9FPSZe',	78249,	'MALE',	'',	105,	'BEGINNER',	NULL),
                                                                                                                                                        (84,	'lucas',	'lucas',	'lucas@gmail.com',	'$2a$10$2M3l9WPMGCN18yfuEWKRsus5QlPeUaGbj2v.9EvFlkUxvlcr5VeKW',	'https://cdn.filestackcontent.com/xgdcUKEfSnmfDCqZzYRx',	78249,	'MALE',	'',	144,	'EXPERT',	NULL),
                                                                                                                                                        (85,	'angie',	'angie',	'angie@gmail.com',	'$2a$10$rUqBZ7.FFCcTr2KUOh6RmOa1Z8Bs1xMzAdSwqxER9wx9SLumDFQji',	'https://cdn.filestackcontent.com/NccxzeB3TmCDJRWPhLc7',	78249,	'FEMALE',	'',	105,	'INTERMEDIATE',	NULL),
                                                                                                                                                        (86,	'krizzy',	'dirt_is_dreamy',	'totallyawesomeaquaduckies@gmail.com',	'$2a$10$y3JJxM3hnmyMpE/FZT83UeFgjcRoxLspi46k/pCShkLNohz9UMasq',	'https://cdn.filestackcontent.com/Zfb6NhuBT9O3pp3YDtxX',	78109,	'FEMALE',	'Training off the bike in order to get faster on it and take home the gold!',	115,	'INTERMEDIATE',	NULL),
                                                                                                                                                        (87,	'kriz',	'krizzya',	'physicianschoice4@gmail.com',	'$2a$10$Q7Ew6eFDys7K4Wefq96r8u1PUiRoCnSZFv7Yk9pKEubu4XWbggInm',	'https://cdn.filestackcontent.com/HxUFK9PCQ4aACxJwJXzx',	78212,	'FEMALE',	'For those that want to get tricksy, there are jumps littered throughout the trail as well. You now have to ride down an asphalt trail and cut off onto a gravel trail before getting back to the old single track. One of the best rides in all of tahoe. Several high speed, low risk sections take you down the sandy open trail for some of the most fun downhills in the area. This created a reroute of the single track.',	146,	'ADVANCED',	NULL),
                                                                                                                                                        (88,	'Mace',	'Macy',	'danikaann93@gmail.com',	'$2a$10$wCNgFZG1IXDsNjeAg4.RPOoXVM1DwXvNZfsXhODB5rZdMcKsDHx0O',	'https://cdn.filestackcontent.com/kKnelUkbSSG18h4Bilkf',	78212,	'FEMALE',	'Will fight for snacks',	147,	'EXPERT',	NULL),
                                                                                                                                                        (89,	'Bart Simpson',	'BartSimpson',	'BartSimpson@BartSimpson.com',	'$2a$10$mwNhFii1MVpwZDzQULChzOpYlm5bzcQCoXUmjV.JUd/.p0oo/Yf4q',	'https://cdn.filestackcontent.com/RtpGobUTua38BRtLhxOZ',	78109,	'MALE',	'Bartholomew Jojo \"Bart\" Simpson is a fictional character in the American animated television series The Simpsons. ',	148,	'BEGINNER',	NULL),
                                                                                                                                                        (91,	'Bob',	'bobthebuilder',	'bob@email.com',	'$2a$10$e9XNlgQ3hN4paTci2DQK4u0zldrgQSNG.Qt43dt/8XXrw2Du3BGl.',	'https://cdn.filestackcontent.com/B045xRrGTcqpTiEn0Pm0',	78201,	'MALE',	'I\'m here to build muscle',	117,	'BEGINNER',	NULL),
(94,	NULL,	'FitKing',	'FitKing@FitKing.com',	'$2a$10$8lBcI8s8JBH3Ud2shUphrOR9dG6NWkhPA5kWIQY/OWmcHbLprXJri',	NULL,	78239,	NULL,	NULL,	NULL,	NULL,	NULL);

DROP TABLE IF EXISTS `users_preferences`;
CREATE TABLE `users_preferences` (
  `user_id` int(11) NOT NULL,
  `preferences_id` int(11) NOT NULL,
  KEY `FK9i0ds6j30chja7jc9x9np6yfk` (`preferences_id`),
  KEY `FKc4iohl2foogcehrk8jof3bomm` (`user_id`),
  CONSTRAINT `FK9i0ds6j30chja7jc9x9np6yfk` FOREIGN KEY (`preferences_id`) REFERENCES `preferences` (`id`),
  CONSTRAINT `FKc4iohl2foogcehrk8jof3bomm` FOREIGN KEY (`user_id`) REFERENCES `users` (`id`),
  CONSTRAINT `users_preferences_ibfk_1` FOREIGN KEY (`user_id`) REFERENCES `users` (`id`),
  CONSTRAINT `users_preferences_ibfk_3` FOREIGN KEY (`preferences_id`) REFERENCES `preferences` (`id`)
) ENGINE=InnoDB DEFAULT CHARSET=utf8mb4 COLLATE=utf8mb4_general_ci;

INSERT INTO `users_preferences` (`user_id`, `preferences_id`) VALUES
(71,	7),
(71,	11),
(71,	6),
(71,	3),
(71,	1),
(72,	10),
(72,	7),
(72,	4),
(72,	2),
(73,	7),
(73,	9),
(73,	5),
(73,	11),
(73,	6),
(73,	2),
(73,	3),
(74,	9),
(74,	5),
(74,	4),
(74,	3),
(75,	8),
(75,	11),
(75,	6),
(75,	4),
(75,	2),
(76,	10),
(76,	7),
(76,	9),
(76,	5),
(76,	8),
(76,	11),
(76,	2),
(76,	3),
(77,	8),
(77,	11),
(77,	6),
(77,	4),
(78,	6),
(78,	3),
(79,	10),
(79,	7),
(79,	9),
(79,	4),
(80,	10),
(80,	7),
(80,	9),
(80,	5),
(80,	8),
(80,	6),
(80,	4),
(80,	2),
(80,	3),
(80,	1),
(81,	10),
(81,	7),
(81,	9),
(81,	2),
(81,	3),
(81,	1),
(82,	10),
(82,	7),
(82,	9),
(82,	4),
(82,	2),
(82,	1),
(83,	7),
(83,	9),
(83,	5),
(83,	4),
(83,	1),
(84,	6),
(84,	3),
(85,	7),
(85,	9),
(85,	5),
(85,	8),
(85,	4),
(85,	1),
(86,	10),
(86,	5),
(86,	11),
(86,	6),
(86,	3),
(87,	7),
(87,	9),
(87,	8),
(87,	4),
(87,	1),
(88,	10),
(88,	5),
(88,	6),
(88,	2),
(88,	3),
(32,	10),
(32,	7),
(32,	9),
(32,	4),
(32,	2),
(91,	6),
(91,	2),
(91,	3),
(89,	10),
(89,	7),
(89,	9),
(89,	5),
(89,	4),
(89,	2),
(22,	10),
(22,	5),
(22,	11),
(22,	6),
(22,	2);

DROP TABLE IF EXISTS `user_achievement`;
CREATE TABLE `user_achievement` (
  `user_id` int(11) NOT NULL,
  `achievement_id` int(11) NOT NULL,
  KEY `FK7bd14tr3dioj2a091h7ke455b` (`achievement_id`),
  KEY `FK5hq4ms9ikrxw18tf1wn12anj6` (`user_id`),
  CONSTRAINT `FK5hq4ms9ikrxw18tf1wn12anj6` FOREIGN KEY (`user_id`) REFERENCES `users` (`id`),
  CONSTRAINT `FK7bd14tr3dioj2a091h7ke455b` FOREIGN KEY (`achievement_id`) REFERENCES `achievements` (`id`),
  CONSTRAINT `user_achievement_ibfk_1` FOREIGN KEY (`user_id`) REFERENCES `users` (`id`),
  CONSTRAINT `user_achievement_ibfk_2` FOREIGN KEY (`achievement_id`) REFERENCES `achievements` (`id`)
) ENGINE=InnoDB DEFAULT CHARSET=utf8mb4 COLLATE=utf8mb4_general_ci;

INSERT INTO `user_achievement` (`user_id`, `achievement_id`) VALUES
(91,	1),
(91,	2),
(91,	3),
(91,	4),
(32,	1),
(32,	2),
(32,	3),
(22,	1),
(22,	2),
(22,	3),
(22,	4),
(22,	5),
(22,	6),
(89,	1),
(89,	2),
(89,	3),
(89,	4),
(94,	3);

DROP TABLE IF EXISTS `workouts`;
CREATE TABLE `workouts` (
  `id` int(11) NOT NULL AUTO_INCREMENT,
  `workout_date` date DEFAULT NULL,
  `util_calendar` date DEFAULT NULL,
  `user_id` int(11) NOT NULL,
  PRIMARY KEY (`id`),
  UNIQUE KEY `workout_date_user_id` (`workout_date`,`user_id`),
  KEY `FKpf8ql3wbw2drijbk1ugfvki3d` (`user_id`),
  CONSTRAINT `FKpf8ql3wbw2drijbk1ugfvki3d` FOREIGN KEY (`user_id`) REFERENCES `users` (`id`)
) ENGINE=InnoDB DEFAULT CHARSET=utf8mb4 COLLATE=utf8mb4_general_ci;

INSERT INTO `workouts` (`id`, `workout_date`, `util_calendar`, `user_id`) VALUES
(6,	'2023-04-12',	NULL,	22),
(9,	'2023-04-13',	NULL,	22),
(10,	'1999-04-12',	NULL,	22),
(14,	'2023-04-14',	NULL,	22),
(18,	'2023-04-17',	NULL,	22),
(22,	'2023-04-18',	NULL,	22),
(23,	'2023-04-18',	NULL,	32),
(24,	'2023-04-19',	NULL,	22),
(25,	'2023-04-19',	NULL,	32),
(26,	'2023-04-20',	NULL,	22),
(27,	'2023-04-21',	NULL,	22),
(29,	'2023-04-22',	NULL,	22),
(31,	'2023-04-23',	NULL,	22),
(32,	'2023-04-24',	NULL,	32),
(33,	'2023-04-25',	NULL,	22),
(34,	'2023-04-25',	NULL,	86),
(35,	'2023-04-25',	NULL,	87),
(36,	'2023-04-25',	NULL,	88),
(37,	'2023-04-25',	NULL,	89),
(38,	'2023-04-26',	NULL,	22),
(39,	'2023-04-26',	NULL,	89),
(40,	'2023-04-25',	NULL,	91),
(41,	'2020-04-01',	NULL,	91),
(42,	'2023-04-24',	NULL,	91),
(44,	'2023-04-28',	NULL,	91),
(45,	'2023-04-01',	NULL,	91),
(46,	'2023-04-02',	NULL,	91),
(47,	'2023-04-03',	NULL,	91),
(48,	'2023-04-11',	NULL,	91),
(49,	'2023-04-26',	NULL,	91),
(51,	'2023-04-01',	NULL,	89),
(52,	'2023-04-02',	NULL,	89),
(53,	'2023-04-03',	NULL,	89),
(54,	'2023-04-04',	NULL,	89),
(55,	'2023-04-05',	NULL,	89),
(56,	'2023-04-06',	NULL,	89),
(57,	'2023-04-07',	NULL,	89),
(58,	'2023-04-08',	NULL,	89),
(59,	'2023-04-09',	NULL,	89),
(60,	'2023-04-10',	NULL,	89),
(79,	'2023-01-12',	NULL,	22),
(80,	'2023-01-15',	NULL,	22),
(81,	'2023-01-18',	NULL,	22),
(90,	'2023-02-10',	NULL,	22),
(91,	'2023-02-11',	NULL,	22),
(92,	'2023-02-12',	NULL,	22),
(93,	'2023-02-14',	NULL,	22),
(98,	'2023-02-22',	NULL,	22),
(99,	'2023-02-23',	NULL,	22),
(100,	'2023-02-25',	NULL,	22),
(101,	'2023-02-26',	NULL,	22),
(103,	'2023-02-28',	NULL,	22),
(104,	'2023-03-01',	NULL,	22),
(105,	'2023-03-02',	NULL,	22),
(106,	'2023-03-04',	NULL,	22),
(107,	'2023-03-05',	NULL,	22),
(108,	'2023-03-07',	NULL,	22),
(109,	'2023-03-10',	NULL,	22),
(110,	'2023-03-11',	NULL,	22),
(112,	'2023-03-12',	NULL,	22),
(113,	'2023-03-13',	NULL,	22),
(114,	'2023-03-14',	NULL,	22),
(115,	'2023-03-15',	NULL,	22),
(116,	'2023-03-16',	NULL,	22),
(117,	'2023-03-17',	NULL,	22),
(118,	'2023-03-19',	NULL,	22),
(119,	'2023-03-21',	NULL,	22),
(120,	'2023-03-22',	NULL,	22),
(121,	'2023-03-23',	NULL,	22),
(122,	'2023-03-24',	NULL,	22),
(123,	'2023-03-26',	NULL,	22),
(125,	'2023-03-28',	NULL,	22),
(126,	'2023-03-29',	NULL,	22),
(127,	'2023-03-30',	NULL,	22),
(128,	'2023-03-31',	NULL,	22),
(129,	'2023-04-01',	NULL,	22),
(130,	'2023-04-02',	NULL,	22),
(131,	'2023-04-04',	NULL,	22),
(132,	'2023-04-05',	NULL,	22),
(133,	'2023-04-06',	NULL,	22),
(134,	'2023-04-07',	NULL,	22),
(135,	'2023-04-08',	NULL,	22),
(136,	'2023-04-10',	NULL,	22),
(138,	'2023-04-11',	NULL,	22),
(152,	'2023-02-15',	NULL,	22),
(155,	'2023-02-16',	NULL,	22),
(158,	'2023-02-17',	NULL,	22),
(159,	'2023-02-18',	NULL,	22),
(166,	'2023-02-01',	NULL,	22),
(167,	'2023-02-02',	NULL,	22),
(168,	'2023-02-03',	NULL,	22),
(169,	'2023-02-04',	NULL,	22),
(170,	'2023-02-05',	NULL,	22),
(173,	'2023-01-02',	NULL,	22),
(175,	'2023-01-03',	NULL,	22),
(176,	'2023-01-04',	NULL,	22),
(177,	'2023-01-05',	NULL,	22),
(178,	'2023-01-06',	NULL,	22),
(179,	'2023-01-07',	NULL,	22),
(180,	'2023-01-11',	NULL,	22),
(182,	'2023-01-09',	NULL,	22),
(185,	'2023-01-14',	NULL,	22),
(186,	'2023-01-16',	NULL,	22),
(187,	'2023-01-19',	NULL,	22),
(188,	'2023-01-21',	NULL,	22),
(189,	'2023-01-22',	NULL,	22),
(190,	'2023-01-23',	NULL,	22),
(191,	'2023-01-24',	NULL,	22),
(192,	'2023-01-25',	NULL,	22),
(194,	'2023-01-29',	NULL,	22),
(195,	'2023-01-30',	NULL,	22),
(196,	'2023-01-31',	NULL,	22),
(197,	'2022-12-02',	NULL,	22),
(198,	'2022-12-03',	NULL,	22),
(199,	'2022-12-05',	NULL,	22),
(201,	'2022-12-06',	NULL,	22),
(202,	'2022-12-07',	NULL,	22),
(203,	'2022-12-10',	NULL,	22),
(204,	'2022-12-11',	NULL,	22),
(205,	'2022-12-12',	NULL,	22),
(206,	'2022-12-14',	NULL,	22),
(207,	'2022-12-15',	NULL,	22),
(208,	'2022-12-16',	NULL,	22),
(209,	'2022-12-17',	NULL,	22),
(210,	'2022-12-18',	NULL,	22),
(211,	'2022-12-19',	NULL,	22),
(214,	'2022-12-20',	NULL,	22),
(215,	'2022-12-21',	NULL,	22),
(216,	'2022-12-24',	NULL,	22),
(217,	'2022-12-25',	NULL,	22),
(219,	'2022-12-26',	NULL,	22),
(220,	'2022-12-28',	NULL,	22),
(221,	'2022-12-29',	NULL,	22),
(222,	'2022-12-30',	NULL,	22),
(223,	'2022-12-31',	NULL,	22);

-- 2023-04-27 19:13:29